,n_genes_by_counts,total_counts,pct_counts_mt
count,6076.0,6076.0,6076.0
mean,1964.2537853851218,8482.491935483871,1.9271242607714294
std,805.6878978556775,5608.977891038364,1.1390591592841293
min,779.0,3471.0,0.022820629849383843
25%,1388.0,5079.75,1.2239450373498855
50%,1801.0,6897.5,2.048842072026013
75%,2278.25,9776.25,2.5243861189527284
max,6563.0,64943.0,20.49266247379455
